title,text
영화리뷰 주홍글씨 결말 OTT 정보 넷플릭스 추천 한국 19금 청불 멜로 스릴러,"주홍글씨 스릴러, 멜로/로맨스 2004 변혁 블로그 글 더보기 안타까웠던 배우 이은주 스틸컷 및 예고편 안녕하세요. 집하남입니다. 오늘 준비한 영화리뷰는 2004년도 개봉한 한국 19금 청불 멜로 스릴러 영화 주홍글씨입니다. ​ 넷플릭스 추천 영화 주홍글씨 결말 및 OTT 정보에 대한 리뷰를 시작합니다. 영화 주홍글씨 정보 개봉 : 2004.10.29 등급 : 청소년 관람불가 장르 : 멜로 스릴러 국가 : 한국 러닝타임 : 118분 평점 : 5.20 감독 : 변혁 출연진 배우 한석규 이은주 성현아 엄지원 OTT 보러가기 넷플릭스 쿠팡플레이 웨이브 왓챠 티빙 예고편 정보 영화리뷰 ​ 넷플릭스 추천 영화 주홍글씨는 멜로와 스릴러가 결합된 한국 19금 청불 영화로, 강렬한 이야기와 충격적인 결말로 많은 화제를 모았던 작품입니다. ​ 독특한 스타일의 연출 감성을 이용하는 변혁 감독이 맡았으며, 출연진 배우로 한석규, 이은주, 성현아, 엄지원 등 화려한 라인업을 자랑하는 작품입니다. ​ ​ 살인 사건을 수사하는 형사의 이야기로 보여주지만 불륜, 욕망, 죄책감, 그리고 인간관계 비극적인 진실이 드러나 강렬한 전개와 수위를 보여주는데요. ​ 마지막까지 이어지는 반전과 비극적인 결말을 보여주었으며, 배우들의 노출과 베드신으로 화제가 되면서 손익분기점은 넘었으나 작품성에 대한 아쉬움이 굉장히 큰 작품입니다. 영화 주홍글씨 결말 줄거리가 포함되어 있습니다. 피투성이의 한 여성 경희가 공중전화로 다급하게 전화를 거는 장면. 그리고 형사 기훈은 사진관에서 발생한 살인 사건 현장에 출동한다. ​ 현장에는 사진관 주인이 둔기에 맞아 사망한 상태로 발견되고, 그의 아내 경희가 유력한 용의자로 떠올라 기훈은 경희를 강하게 압박하지만 그녀는 범행을 부인하자 사건은 미궁 속으로 빠져간다. ​ ​ 한편 기훈은 재즈 바에서 노래를 부르는 가수 가희와 불륜 관계를 유지하는데, 그는 자신의 임신한 아내 수현에게 다정한 남편이면서도 가희와 지속적인 관계로 살아가며 이중적인 삶을 살고 있다. ​ 수사가 진행되면서 경희에 대한 의심이 더욱 커지게 되는데, 기훈은 주변 탐문 수사를 통해 그녀가 과거 낙태로 인해 아이가 없다는 사실과 남편 명의의 생명보험 6억 원짜리가 가입되어 있었으며 수익자가 경희라는 것도 확인한다. ​ ​ 이후 잠복 수사를 하던 기훈은 경희가 어떤 남자에게 돈을 건네는 장면을 목격하고 그 남자를 체포하자 경희는 사진관 단골손님이 자신에게 집착하여 몰래 자신의 신체 사진을 찍었다고 주장한다. ​ 남편이 그 사진을 발견 후 크게 싸웠으며, 집을 나갔다 돌아오니 이미 남편이 죽어있었다는 말에 기훈은 사진관 단골이라는 손님을 범인이라 판단하게 되는데.. ​ ​ 사진관 사건의 범인을 단골손님으로 정리가 되고, 그 남자 역시 사진관 남성에게 모욕을 당한 뒤 분노하여 둔기로 살해했다고 자백하면서 사건이 마무리되는 것처럼 보이게 된다. ​ 그렇게 사건을 해결한 기훈은 표창도 받고 가희와의 만남을 정리하기 위해 그녀를 만났으나 자신의 생일이라고 함께 시간을 보내자 하는 그녀로 인해 저수지 근처로 드라이브를 떠나다 실수로 자동차 트렁크에 갇히게 된다. ​ ​ 며칠 동안 그곳에 갇히다 서로 숨겨둔 진실에 충격을 받게 되는데, 사실 가희와 기훈의 아내인 수현은 서로 사랑했던 사이였으나, 가희가 기훈을 만나자 수현이 가희를 잃을까 기훈에게 접근했던 것. ​ 결국 기훈이 수현을 선택하여 삼각관계로 빠지게 된 것이었고, 트렁크 안에서 가희는 극심한 고통 속 유산을 하게 되면서 절망에 빠지게 된다. ​ ​ 가희는 기훈의 총으로 목숨을 끊으려 하지만 기훈이 막으며 몸싸움을 하다 가희에게 총을 쏘게 된다. ​ 한편 사진관 사건의 진실이 드러나게 되는데, 경희는 장을 보고 돌아와 남편이 둔기에 맞아 쓰러진 모습을 발견하고 아직 살아 있는 남편이 살려달라고 하자, 경희는 조각상을 들어 남편의 머리를 내리쳐 확인 사살을 하게 된 것. ​ ​ 사진관 진짜 범인은 경희였다. 그리고 저수지에서 구급차가 와 가희의 시신이 실려가고, 피투성이가 된 기훈은 잘못했다는 말만 반복하면서 죄책감에 괴로워한다. ​ 그렇게 경찰을 그만둔 기훈은 가희의 집을 찾아가 소파에 앉아 담배를 피우며 오열하는 모습을 끝으로 영화의 결말을 맺게 된다. 영화 주홍글씨 OTT 정보 ​ 줄거리 및 결말에 관련된 전체 내용을 확인하기 위한 OTT는 넷플릭스, 쿠팡 플레이, 웨이브, 왓챠, 티빙에서 감상하실 수 있습니다. ​ 한국 19금 청불 멜로 스릴러 장르로 수위가 어느 정도 있으니 참고하시길 바랍니다. ​ ​ 오늘 준비한 영화리뷰는 여기까지입니다. 넷플릭스 추천 영화 주홍글씨 결말 및 OTT 정보에 대한 리뷰를 마치겠습니다. ​ 다양한 끼와 함께 그리운 배우 (고)이은주 님의 모습을 볼 수 있으니 참고하세요. ​"
영화리뷰 죽지않는 인간들의 밤 출연진 OTT 정보 한국 코미디 스릴러,"죽지않는 인간들의 밤 코미디, 스릴러 2020 신정원 블로그 글 더보기 ▼▼ 줄거리 결말 정보는 여기!! ▼▼ 영화리뷰 죽지않는 인간들의 밤 줄거리 결말 정보 킬링타임용 2020년 한국 B급 코미디 스릴러 조금은 특별한 영화 안녕하세요. 집하남입니다. 오늘 준비한 영화리뷰는 2020년 개봉한 B급 감성 충만한 ... blog.naver.com B급 한국 코미디 스릴러 스틸컷 및 예고편 안녕하세요. 집하남입니다. 오늘 준비한 영화리뷰는 2020년 개봉한 한국 B급 코미디 스릴러 영화 죽지않는 인간들의 밤입니다. ​ 영화 죽지않는 인간들의 밤 출연진 OTT 정보에 대한 리뷰를 시작합니다. 죽지않는 인간들의 밤 정보 개봉 : 2020.09.29 등급 : 15세 이상 관람가 장르 : 코미디 스릴러 국가 : 한국 러닝타임 : 110분 평점 : 8.70 관객수 : 10만명 감독 : 신정원 출연진 배우 이정현 김성오 서영희 양동근 이미도 OTT 보러가기(유료) 쿠팡플레이 왓챠 예고편 정보 더 콘텐츠 온 영화리뷰 ​ 2020년 개봉한 한국 B급 코미디 스릴러 영화 죽지않는 인간들의 밤은 독특한 설정과 블랙 코미디 감각으로 주목을 받았던 작품입니다. ​ 괴상한 행동을 이어가는 남편을 의심하는 아내, 그리고 친구들이 얽히면서 벌어지는 사건을 보여주고 있는데요. ​ ​ 기묘하면서도 독특한 연출을 선호하는 신정원 감독이 연출을 맡아 그가 연출한 시실리 2Km를 능가하는 강한 B급 코미디 스타일로 도전하였습니다. ​ 출연진으로 이정현과 김성오, 서영희, 양동근, 이미도 등이 출연하여 개성 넘치는 연기를 보여주면서 가볍게 즐기기 좋은 작품입니다. 죽지않는 인간들의 밤 출연진 ​ 소희(이정현) : 주인공. 남편 만길과 함께 행복하게 결혼 생활을 이어가지만 점차 수상한 행동을 하는 남편을 보고 의심을 품게 되는 인물. ​ 기괴한 행동과 비밀스러운 생활로 불안함을 느낀 그녀가 친한 친구들을 동원하여 함께 남편을 조사하기 시작하게 된다. ​ ​ 초반 남편에게 독극물을 건네받아 마셔 사망할 뻔했으나, 다시 살아나면서 생존을 위해 친구들과 함께 남편을 제거하려는 계획을 세우게 되는 인물. ​ 배우 이정현이 맡은 소희 캐릭터를 통해 코믹하면서도 강한 모습을 보여주며 작품의 중심을 맡은 인물입니다. ​ ​ 만길(김성오) : 평범한 남편으로 결혼 생활을 즐기고 있는 것처럼 보이지만 사실 진짜 정체는 지구 정복을 노리고 있는 외계인 두목. ​ 평범한 인간이 아님을 알게 된 계기가 주유소에 경유를 입으로 들이키는 행동을 보여주고, 자신의 정체가 들통날 위기에 처하면 주변 인물들을 제거하려는 모습도 보이게 된다. ​ ​ 한 예로 자신의 아내 소희가 의심을 품게 되자 제거하기 위해 독극물이 든 물을 건네는 잔혹한 성격과 죽음을 확인하기 위한 행동 역시 냉철함을 보여주는 대목. ​ 배우 김성오는 특유의 강렬한 이미지와 개성적인 모습을 보여주었으며, 빌런과 코믹 모두 잘 소화시키면서 긴장감을 유지하는 데 큰 역할을 하는 출연진. ​ ​ 닥터 장(양동근) : 불륜 전문 흥신소 미스터리 연구소 소장으로, 사람들의 뒷조사를 전문적으로 하는 캐릭터로 등장. ​ 소희와 세라가 만길의 정체를 확인하기 위해 닥터 장에게 도움을 요청하자 그가 만길이 외계인일 가능성을 의심하게 된다. ​ ​ 만길을 제거하기 위해 여러 계획을 세우지만 오히려 자신이 사고를 당하게 되면서 죽음의 문턱에서 살아남지만 만길이 휘두른 골프채에 다시 사망하게 된다. ​ 배우 양동근이 맡았으며, 여전히 능글맞지만 감초 역할을 독특히 해 내는 배우. ​ ​ 세라(서영희) : 소희의 가장 절친한 친구 중 한 명으로 소희의 남편을 처리하기 위한 계획에 자연스럽게 합류하게 된 인물. ​ 사실 그녀는 주변 사람들에게 섬뜩한 소문이 돌 정도로 섬뜩함을 가지고 있으며, 소희 남편의 정체를 밝히기 위해 흥신소 닥터 장까지 끌어들인 인물이다. ​ ​ 양선(이미도) : 소희와 세라의 친구로 함께 계획에 참여하게 된 인물. 그러나 오히려 사건을 키우게 된 인물로 등장하게 된다. ​ 닥터 장이 만길을 제거하기 위해 감전 장치를 준비하다 갑자기 등장한 덕에 결국 닥터 장이 감전되는 사고가 발생하여 더욱 꼬이게 되지만 끝까지 함께 소희를 도와주는 조력자로 활약. ​ ​ 출연진 배우 중 이미도 특유의 현실적인 코미디 연기가 볼만하고 서영희 역시 이미지 변신을 보여주면서 킬링타임용으로 즐기기 좋은 한국 B급 코미디 스릴러입니다. 죽지않는 인간들의 밤 OTT ​ 죽지않는 인간들의 밤 OTT로 시청하실 분은 안타깝게도 현재 유료로 운영되고 있는데요. 가능 OTT 채널은 쿠팡 플레이와 왓챠를 통해 감상하실 수 있습니다. ​ ​ 오늘 준비한 영화리뷰는 여기까지입니다. 유치하지만 그런대로 볼만하니 가볍게 즐겨보시길 바라면서 준비한 리뷰는 여기서 마치겠습니다. ​"
영화리뷰 화장 출연진 결말 정보 한국 드라마,"화장 드라마 2015 임권택 블로그 글 더보기 소설 원작 영화 스틸컷 및 예고편 안녕하세요. 집하남입니다. 오늘 준비한 영화리뷰는 2015년 개봉한 한국 드라마 장르 영화 화장입니다. ​ 영화 화장 출연진 결말 정보에 대한 리뷰를 시작합니다. 영화 화장 정보 개봉 : 2015.04.09 등급 : 청소년 관람불가 장르 : 드라마 국가 : 한국 러닝타임 : 94분 평점 : 7.35 관객수 : 14만명 감독 : 임권택 출연진 배우 안성기 김규리 김호정 전혜진 연우진 신영진 김기천 김병춘 김영훈 OTT 보러가기 티빙 웨이브 왓챠 예고편 정보 영화리뷰 ​ 2015년 개봉한 영화 화장은 한국 문학을 대표하는 작가 김훈의 동명 소설을 원작으로 한 작품으로 인간의 욕망과 죽음, 그리고 늙어가는 삶의 허무함을 그린 드라마 영화입니다. ​ 한국 영화계를 대표하는 거장 임권택 감독이 연출을 맡아 인간 내면의 복잡한 감정을 차분하고 깊이 있게 표현한 작품입니다. ​ ​ 배우 안성기가 회사의 중역으로 일하는 한 남자로 등장하여 병든 아내를 간호하며 살아가는 동안, 부하 직원의 젊은 여성인 김규리에게 미묘한 감정 사이에 겪는 갈등 중심으로 전개가 됩니다. ​ 사랑과 의무, 욕망과 죄책감이라는 감정 사이에 삶의 마지막 순간을 바라보는 인간의 심리를 묵직하게 담아낸 연출이 인상적인 작품입니다. 영화 화장 출연진 ​ 오상무(안성기) : 화장품 회사 중역으로 있는 남성으로 안정적인 삶을 살아가고 있는 것처럼 보이지만, 암이 재발한 아내를 돌봐가며 점점 늙어가는 자신의 삶을 바라보는 남자. ​ 그러다 회사의 젊고 아름다운 여성 추은주에게 감정을 느끼게 되지만, 마음속의 상상만으로 그녀를 생각하는 인물이다. ​ ​ 추은주(김규리) : 화장품 회사 홍보팀장으로 일하는 아름다운 여성이자 오상무가 마음에 두고 있었던 인물이다. ​ 두 사람 사이 큰 사건은 벌어지지 않았으나 추은주의 결혼과 파혼으로 인한 오상무의 심리적 변화와 마지막 홀로 남겨진 오상무에 대한 마음을 모호하게 표현한 인물. ​ ​ 아내(김호정) : 암이 재발하면서 다시 투병 생활을 하는 인물로 죽음을 눈앞에 두고 있는 인물. 점점 쇠약해져가고 자신의 남편이 다른 여자를 생각하고 있다는 사실도 알게 된다. 영화 화장 결말 ​ 오상무는 아내의 장례식장에서 뒤돌아 보자 추은주가 있어 그녀를 바라보면서 과거의 시간으로 되돌아간다. ​ 과거 암을 앓았던 오상무의 아내가 갑작스럽게 쓰러지면서 암이 다시 전이된 사실을 알고, 죽음을 앞둔 아내를 간호하며 하루하루를 보내는 오상무. ​ ​ 오상무는 자신의 학업을 마칠 수 있게 헌신했던 아내를 버릴 수 없어 결혼하여 지금까지 살아왔다가 요즘 회사에서 일하는 젊은 여성 추은주에게 시선이 향하게 된다. ​ 점차 그녀에 대한 묘한 호감이 이성으로 바뀌지만 그는 내색하지 않고, 아내를 간호하면서 마음속으로만 그녀를 생각하게 된다. ​ ​ 그러다 추은주가 결혼을 발표하자 실망하지만, 얼마 후 파혼했다는 사실을 듣고 안도감을 느낀 오상무는 죽음을 앞둔 아내와 추은주 사이에 흔들리기 시작한다. ​ 결국 아내가 세상을 떠나고 그는 아내의 죽음을 담담하게 받아들이면서 화장을 하려고 했으나 처제의 반대로 인해 화장을 하지 않게 된다. ​ ​ 죽은 아내의 유품을 정리하던 중, 그녀의 지갑에서 자신의 사진을 발견한 순간, 여전히 자신을 사랑하고 있었던 아내의 모습에 은주에 대한 이성적 감정이 죄책감으로 남게 된다. ​ 이후 추은주가 보낸 문자들을 모두 삭제하게 되고, 이후 추은주는 다른 회사로 이직하여 마지막 인사를 위해 오상무를 찾지만 그녀를 피하게 되고, 그녀 역시 떠난 후 오상무는 다시 일상으로 돌아가는 모습을 보여주며 영화의 결말을 맺게 된다. 인간의 내면을 파고드는 작품 ​ 영화 화장 출연진 결말 정보에 대한 리뷰를 진행했습니다. 겉으로 조용한 드라마 장르이지만 인간 내면에 대해 깊게 파고드는 작품이었는데요. ​ 현실적인 감정을 통한 인간의 복잡한 심리를 담아냈으며, 출연진 배우들의 연기 역시 인상적이었던 작품이었습니다. ​ ​ 특히 배우 김호정 님의 투병 연기 역시 직접 삭발을 감행하면서까지 캐릭터에 몰입하는 자세를 보여주면서 현실감 있는 모습을 보여주었습니다. ​ 큰 사건이나 반전과 같은 내용은 없는 잔잔함을 보여주면서도 죄책감과 허무함 사이에 대한 모습을 담담하게 표현하였습니다. ​ ​ 오늘 준비한 영화리뷰는 여기까지입니다. 한국 드라마 영화 화장 출연진 결말 정보에 대한 리뷰를 마치겠습니다. ​ OTT는 티빙, 웨이브, 왓챠를 통해 감상하실 수 있습니다. ​"
스포츠영화 영블러드 해외매체 최신영화리뷰 인종 차별을 말하다,"영블러드 액션, 드라마 1986 피터 마클 블로그 글 더보기 영블러드 해외매체 최신영화리뷰. 동명의 1986년 작품을 리메이크한 영화로 온타리오주 해밀턴에 있는 흑인 캐나다 주니어 하키 선수인 딘 영블러드의 이야기다. 스포츠를 통해 인종차별에 대해 말하고 있는 이야기다. 하키는 특히 인종 차별이 두드러지는 종목으로 NHL에서  흑인 선수 비율은 3~5%에 불과하다고 한다. 사회적 폐해를 미묘하면서도 강렬하게 조명하며, 관객들에게 프로 하키의 고된 현실과 악의적인 편견을 어떻게 구분해야 하는지를 일깨워 주는 영화다. 개봉: 2026.03.03(북미)/ 국내 미정 등급: 미정 장르: 스포츠, 드라마 국가: 캐나다, 미국 러닝타임: 104분 감독: 휴버트 데이비스 출연: 에쉬턴 제임스, 블레어 언더우드 외 해외매체 최신영화리뷰 영블러드는 인종차별에 대한 이중잣대가 만연한 문화를 비판하는 영화로 스포츠 영화라는 장르에 녹여낸 작품이라고 한다. 약자의 성공 스토리를 충실하게 따라가고 있지만, 진부함을 넘어선 수준으로 끌어올리는데 감독의 연출력이 돋보인다고 한다. 딘 영블러드 열정적인 하키 팬인 아버지 블레인과 어머니 루비의 두 아들 중 한 명이다. 두 아들을 키울 때 부모는 서로 상반된 교육 철학을 가지고 있다. 블레인은 아이들이 너무 나약하게 자랄까 봐 걱정하여 조롱에 굴하지 않고 맞설 수 있는 강인함을 심어준다. 반면 루비는 딘에게 고개를 숙이고 경기에 집중하라고 말한다고 한다. 스포츠영화 영블러드 주인공 딘이 엇나가지 않도록 해준 어머니 루비가 세상을 떠나자 딘은 분노를 억누르기 위해 참고 또 참는다. 마이너 리그 경기 중 상대 선수가 딘의 등을 가격하자, 딘은 일어서면서 원숭이 소리를 흉내 낸다. 이에 딘은 스틱으로 상대 선수의 등을 가격했고, 결국 한 시즌 출장 정지 징계를 받게 된다. 비록 과격한 보복이었을지 모르지만, 그처럼 심한 조롱에 대한 딘의 반응에 동정심을 느끼는 것은 어렵지 않다고 한다. 딘의 형은 알코올 중독자인 아버지의 건설 사업을 돕고 있다고 한다. 가상의 마이너 리그 팀인 해밀턴 머스탱스에서 플레이오프 진출을 앞두고 마지막 남은 선수단 자리에 지원해 보라는 뜻밖의 연락이 왔지만 흑인인 딘을 감독이 고용하기를 꺼려 하는 상황을 이야기가 전개된다. 그러나 무조건적으로 백인 캐릭터를 인종 차별주의자로 묘사하지 않으며 사람에 따라 달라진다는 것을 감독이 보여준다고 한다. 해외매체 최신영화리뷰 영블러드 인종 차별에 대해 깊은 이야기를 보여주지만 아쉽게도 같은 처지에 놓은 흑인 하키선수들에 대한 이야기가 아쉽게 느껴진다고 한다.  영화는 하키 팬들과 일반 스포츠 팬들에게 응원할 거리를 제공하는 동시에, 스포츠에 익숙하지 않은 사람들에게는 다소 생소한 주제를 자연스럽게 접하게 만들어 주고 있다고 한다. ​"
제시카 차스테인 주연 드림스 해외매체 최신영화리뷰 욕망의 이민 드라마,"드림스 드라마, 멜로/로맨스 2026 미셸 프랑코 블로그 글 더보기 제시카 차스테인 주연 드림스 해외매체 최신영화리뷰. 멕시코 출신의 젊고 매력적인 무용수 페르난도(아이작 에르난데스)는 예술 자선 사업을 하는 부유한 사교계 명사 제니퍼(제시카 채스테인)와 함께할 아메리칸 드림을 꿈꾸며 불법 입국을 감행한다. 격동적이고 파괴적인 로맨스와 함께 두 사람 사이의 갈등이 생기면서 벌어지는 이야기를 담았다. 미국 상위 1%와 불법 이민자 사이의 기생적인 관계를 보여주는 영화지만, 관계에 있어서는 어설픈 방식이 눈살을 찌프리게 만든다고 한다. 개봉: 2026.02.27(북미) / 국내 2026년 3월 예정 등급: 청소년 관람불가 장르: 드라마, 멜로/로맨스 국가: 미국 러닝타임: 98분 감독: 미셸 프랑코 출연: 제시카 차스테인, 아이작 에르난데스 외 해외매체 최신영화리뷰 드림스에서 감독은 계급 투쟁을 극적으로 묘사할 때 직설적인 표현에 익숙한 모습을 볼 수 있다고 한다. 그러나 영화는 돈이 넘쳐흐르는 백인 여성의 시선에 초점을 맞추다 보니 공감대를 형성하지 못하고 있다고 한다. 제시카 차스테인이 드레스를 입은 모습은 아름답지만, 별다른 흥미나 사회정치적 의미를 제시하지 못하고, 극도로 잔혹한 결말에 이르러서는 저급한 수준으로 전락하고 만다. 제니퍼와 페르난도는 꽤 오랫동안 불륜 관계를 이어왔다. 두 사람의 심각한 나이 차이는 극심한 재산 차이만큼이나 두드러진다. 성적으로 강렬한 이 관계는 장난스러운 권력 게임을 통해 유지되는데, 제니퍼가 멕시코시티 아카데미 방문을 핑계로 개인 제트기를 타고 몰래 페르난도를 만나러 올 수 있는 횟수에 따라 관계가 지속된다. 하지만 페르난도는 2013년 뉴욕에서 이미 한 차례 추방당한 전력이 있어, 밤에만 제니퍼를 만날 수 있다. 페르난도는 텍사스를 횡단하고 샌프란시스코까지 히치하이킹을 하며 제니퍼를 놀라게 하려한다. 제니퍼와의 사랑이 불장난 정도라는 것을 알게 되면서 페르난도는 헤어질 결심을 하는데 샌프란시스코 발레단의 주역 후보로 고려되면서 양상은 복잡해진다. 경제적 여유가 있는 제니퍼는 남에게 휘둘리는 것을 용납하지 않으며, 자신의 커리어를 위태롭게 할 위험을 무릅쓰고 페르난도의 마음을 되돌리려 애쓴다. 감독은 부유층은 이민자들을 착취하거나 통제할 수 있는 한에서만 관심을 갖는다는 주장을 매우 간결하게 제시하고 있다고 한다. 이 영화에서 보여주는 두 사람의 관계는 극단적이면서도 동시에 지나치게 단순화된 것처럼 느껴진다고 한다. 해외매체 최신영화리뷰 드림스 더 날카로운 성찰보다는 공감 가는 관객들의 고개를 끄덕이게끔 만들어진 영화라고 한다. 제시카 차스테인이 샤넬 주얼리와 생로랑 가방을 들고 에스컬레이드를 타고 샌프란시스코와 멕시코시티를 활보하는 동안, 페르난도는 텍사스 시골의 진흙탕에 처박혀 있는 모습은 공감은 가지만 지나치게 저속하게 느껴질 수 있다고 한다. 영화의 마지막 장면 역시 마찬가지로, 프랑코 감독의 사상에 심각한 의문을 제기하게 만들고 있다고 한다."
영화리뷰 호퍼스 후기 정보 황당 아바타 설정(픽사애니메이션 영화추천),"호퍼스 애니메이션 2026 다니엘 총 블로그 글 더보기 영화리뷰 호퍼스 후기 정보 아바타 영화를 떠오르게 만드는 스토리에 황당한 설정이지만, 재미가 없는 영화는 아니다. 픽사애니메이션 영화추천 호퍼스는 메이블이 로봇 비버에게 의식을 옮기고 동물들을 규합해 호수를 파괴하고 고속 도로를 건설하려는 시장 제리에 맞서는 이야기다. 자연 보호와 우정의 소중함을 담고 있는 영화로 초반, 중반은 아바타 영화를 보는 것 같아 재미가 떨어졌지만, 중반 이후 상어가 등장할 때부터 황당한 설정으로 큰 웃음과 재미를 준다. 단 코미디는 취향에 맞지 않는다면 상당히 지루하게 느껴질 수 있다. 개봉: 2026.03.04 등급: 전체 관람가 장르: 애니메이션 국가: 미국 러닝타임: 104분 감독: 다니엘 총 성우: 파이퍼 쿠르다, 바비 모니 한, 존 햄 외 영화리뷰 호퍼스 황당한 설정으로 인해 기괴하다고 느껴질 정도로 약육강식의 세계를 표현하면서 왕이라는 설정은 컬트 영화를 떠올리게 만든다. 영화가 주는 메시지는 설교가 아닌 스토리를 보면서 받아들이게 만드는 이야기다. 무엇보다 밝고 쾌활한 유머가 선봉에 서서 나를 따라라 하는 느낌이 강하게 들었다. 동물을 좋아하고 사랑하는 메이블의 어린 시절부터 시작해 할머니와 추억 그리고 호수를 지키기 위한 이야기를 통해 메이블이 왜 로봇 비버에게 의식을 옮기고 동물들을 규합해 제리 시장을 막으려 하는지를 짧은 시간 안에 설득력 있게 풀어나간다. 픽사애니메이션 영화추천 호퍼스 대학에서도 수업은 빠지고 학점은 모자란 상황에서 어떻게 졸업을 할 수 있었는지가 황당한 설정보다 더 의문이긴 했다. 메이블은 환경을 지키는 투사가 됐고 제리 시장과 사사건건 부딪혔다. 할머니와 추억이 깃은 호수를 지키기 위해 로봇 비버로 의식을 이동한 메이블은 동물들과 함께 자연을 파괴하는 제리 시장을 제거해야 할 타깃으로 만드는데 성공했다. 동물들은 삶의 터전을 잃고 가까스로 만들어낸 연못에 모두가 모여 살고 비버 조지 왕이 만든 규칙에 따라 살아가고 있었다. 의회를 소집해 자신의 뜻을 이뤘지만, 성격이 급한 메이블을 그만 사고를 치고 말았고, 권력욕에 빠진 곤충 왕은 엄청난 계획을 세우고 인간들을 죽이려 한다. 상어 킬러의 공격을 버티고 도망쳤지만, 결국 붙잡히면서 수많은 인간들이 죽음에 내몰리게 된다. 픽사 영화 역사상 가장 황당한 설정이면서 동시에 실사 영화에서도 찾아보기 힘든 기괴한 설정은 애니메이션이 아니었다면 끔찍한 공포를 불러오는 이야기 그 자체였다. 자연을 파괴하면서까지 이루려고 하는 발전이 과연 맞는 것인지에 대한 질문을 던지기도 한다. 조지 왕도 메이블이 인간이라는 것을 알고 충격에 빠졌다. 더 이상 대화로 소통할 수 없지만, 종을 넘어 우정이 자리 잡은 상황으로 말은 통하지 않아도 마음이 통하는 모습을 통해 우정의 소중함을 말하고 있다. 영화리뷰 호퍼스 우정을 강조하고 있지만, 감동적이지는 않다. 앞을 향해 달려가던 이야기는 삐딱선을 타고 타협에 대해 말하기 시작하면서 혼란스러워진다. 밝은 이야기와 어두운 이야기가 하나로 합쳐지지 못하고 따로 논다. 픽사애니메이션 영화추천 호퍼스 황당하고 기괴한 설정에 코미디라는 껍데기를 씌어 희석하고 있는 영화로 극장보다는 집에서 킬링 타임 영화로 어울리는 작품이 아닐까 생각하게 만든다. 재미는 모두 다르겠지만, 재미없는 영화는 아니지만 그렇다고 티켓 비용을 내고 꼭 관람할 정도의 영화는 아니다."
매드댄스오피스 관람평 정보 쿠키 아린 연기 최신 한국 영화 리뷰,"오늘은 최신 한국 영화 리뷰인데요 염혜란 배우의 첫 번째 원 톱 영화 <매드 댄스 오피스>입니다. 염 배우님의 첫 원 톱 무비는 4월 개봉작 <내 이름은>인가했으나 그보다 먼저 이 작품을 촬영했고 개봉도 먼저 했어요. ​ 현재 네이버 관람객 평점이 9.86으로 상당히 높기는 하지만 8명만 참여한 상황(게다가 실관란객이 아님)이라 평점은 꽤 내려갈 거라고 봅니다. 후기 보시죠 ​ ​ 매드 댄스 오피스 드라마, 코미디 2026 조현진 블로그 글 더보기 최신 한국 영화 리뷰 <매드댄스오피스> 관람평 정보 쿠키 아린 연기 -포토 : 네이버 ​ ​ ​ 매드 댄스 오피스 기본 정보 ​ 개봉일 : 2026.03.04 감독 : 조현진 출연진 : 아래 움짤로~ 장르 : 드라마 러닝타임 : 106분 관람평 : 9.86 출연진 이외에도 윤상현 안동구 권태원 등 ​ ​ ​ -예고편 ​ ​ ​ 너무 열심히 사는 것도 죄인가 모 구청 기획과장인 국희(염혜란)는 완벽주의자다. 결혼하고 1년 만에 남편을 제세상으로 보내고 핏덩이 딸과 함께 차가운 세상을 헤쳐나가기 위해선 남들보다 두 배로 빨리 뛰고 두 배로 열심히 살겠다고 결심했다 그래야 세상에서 밀리지 않을 거라고 믿었다. ​ 직장에서도 너무 일을 열심히 하는 바람에 아래 직원들은 칼퇴라는 단어를 잊었다. 직장에 몸 바쳐 일하던 그녀에게 진급할 기회가 찾아온다 ​ ​ ​ 부구청장이 수변공원 개발사업 과정에서 횡령 등의 비리를 저지르고 해임이 된다 그리하여 수변 공원 사업이 멈춰버렸지만 그녀는 이 상황을 치고 나가자며 새로운 계획서를 구청장에게 제시하고... 일은 안 하고 정치에만 관심을 둔 구청장은 당신 같은 사람이 부 구청장이 돼야 한다고 그녀를 칭찬하는데~ 나 부 구청장 되는 거니? ​ ​ ​ 이 공사로 인해 주민들에게 가는 피해가 없다는 걸 알리기 위해 직접 현장을 찾기도 하지만 뜻하지 않게 물벼락을 맞기도 한다. ​ ​ ​ 엉켜버린 스텝 사고뭉치 직원 연경과 딸 해리 하지만 승승장구하는 그녀를 훼방놓는 이들이 있었다. 일은 제대로 안 하면서 요행만 바라고, 구청장에게 알랑방귀만 뀌는 동기이자 총무과장 태식(박호산)은 계속 그녀에게 딴지를 걸고, 기획실 신입 주무관 연경(최성은)은 매일이다시피 사고를 친다. 사고를 치기는 하나 사실은 굉장히 열심히 하는 직원인데 일머리가 없고 마음이 약해서다. ​ 엎친 데 덮친 격으로 임용고시에 합격한 날 딸 해리(아라)는 짐 싸 들고 가출을 해 버린다. 왜? 이렇듯 골치 아픈 일들이 한꺼번에 몰아치면서 인생길 스텝이 엉켜버린다. 그런 그녀에게 운명적으로 정열의 춤 Flamenco가 다가온다. ​ ​ 왜 하필 플라멩코냐고? 악플러 민원인 로만티카를 만나기로 한 장소가 하필이면 플라멩코 학원 원장은 그녀를 춤 배우러 온 사람인 줄 알고 스텝을 밟게 한다. 집 떠난 딸을 생각하니 울컥하는 마음에 스텝을 밟는 다리에 힘이 생기고, 울화가 삭힐 것 같은 기분까지 들던 그녀. 어 이거 괜찮은데? ​ 로만티카는 학원 원장 남편이었다. 그 사람이 쓴 글을 내리게 하기 위해 2개월치 학원을 등록하는 국희 그렇게 플라멩고를 배우게 됐던 것 ​ ​ ​ 매드 댄스 오피스 포토 태식은 그녀를 함정에 몰아넣고 부 구청장 자리를 차지한다. 국희는 늦은 밤 사무실에서 시말서를 쓰다 말고 Flamenco 스텝을 밟아본다. 그런데 댄스는 꿈이었나? ​ ​ ​ ​ ​ ​ 눈 빛만 봐도 민원인이 뭘 원하는지 알 수 있다는 뼛속까지 공무원인 국희가 춤을 통해 해방감과 자유 그리고 희망을 찾아가는 힐링 무비이자 성장 드라마 <Mad Dance Office> 또 한 명 실수투성이 연경의 성장 무비이기도 하죠. ​ 국희는 누구보다 열심히, 그리고 성실하게 살았는데 그것이 벼랑 끝에서 추락하지 않고 사는 길이라 믿었던 까닭이죠. 그래서 딸에게 엄격했고 나태해지지 않게 닦달해왔는데 해리는 그걸 견디지 못했어요. 그러니까 엄마의 명분과 변명인 ""널 위해서""라는 말은 자신을 위한 말에 다름 아니었고 딸에게는 일종의 폭력이었을 수도 있었다는 걸 뒤늦게 알게 되죠. 매번 식탁에서 사자성어를 넣어 대화하자는 엄마, 얼마 싫었을까? ​ 겉으론 고분고분했으나 속으론 멍들어갔던 딸은 수차례 손목을 그었지만 그것도 몰랐던 엄마. 가장 가까이 있고 그래서 모든 걸 안다고 믿었던 딸에 대해서 아무것도 알지 못했던 엄마. 그런 국희를 변화시키는 인물은 심약(정신과 약을 복용하는 중) 하고 눈물 많고 실수투성이의 여리디여린 신입 공무원 연경이었어요. 해리의 입장을 누구보다 잘 이해했을 그녀도 자기 엄마와의 관계가 국희 모녀와 비슷했어요 ​ 결국 이 무비의 메시지는 네가 하고 싶은 대로 자유롭게 살라는 것 집시처럼~ 스텝이 좀 꼬여도 좌절하지 말라고... 아무렇게나 춰도 플라멩코니까 실패를 두려워하지 말라는 이야기. 그리고 또 하나는 열심히 하고 최선을 다하는 것만이 미덕은 아니라는 거 아닐까요? ​ 하지만 극 중에서 이 모든 걸 아우르는 건 Flamenco 슬프고 괴롭고 아프고 복잡한 많은 일들을 플라멩코가 해결해 주는 것 같은 결과는 어째 설득력은 좀 떨어집니다만 가볍게 보기 좋은 movie ​ 코미디 무비라 별로 안 슬플 것 같았는데 눈물이 줄줄줄... 흘러요 뻔한 내용인데도 묘하게 눈물 샘을 자극합니다. ​ ​ 평론가 관람평 더 보탤 것도 없이 완급 있는 코미디 적서에 배치된 믿보 배우의 앙상블 - 김송희 7점 평론가 관람평은 하나뿐인데 저도 7점? ​ ​ 그녀 아린 오마이걸 '아린'이 딸 해리 역으로 나옵니다. 연기를 아주 잘해! 까지는 아니지만 어색하지 않고 괜찮았어요. 청순미가 가득~ ​ -조현진 감독 데뷔작 ​ ​ 명대사 ​ 길을 잃은 것 같죠? 때가 되면 구두가 길을 알려줄 거예요 -댄스학원 원장 ​ 제가 삼별(한별인가?)의 불도저가 되겠습니다. ​ 미리 살아본 입장에서 미리 답을 알려준 거야. ​ 절벽 끝에 내몰린 사람처럼 살았어. ​ 아무렇게나 춰도 플라멩코야 ​ 올레! -모두 국희 ​ ​ ​ ▶함께 보면 좋을 명작 댄스 무비 <쉘 위 댄스> 쉘 위 댄스 정보 리뷰 코미디 일본 영화 추천 넷플릭스 여러분은 남자가, 그것도 나이 지긋한 남자가 사교댄스를 배운다고 하면 어떤 생각이 먼저 드시나요? 눼? ... blog.naver.com ​"
센티멘탈 밸류 뜻 정보 출연진 관람평 최근 개봉 영화 리뷰,"오늘은 최근 개봉 영화 리뷰인데요 설 연휴 마지막 날에 개봉한 노르웨이 작품<센티멘탈 밸류>입니다. 국내에서 개봉하는 노르웨이 영화는 아주 드문 편이라 더욱 귀한 느낌이 들어요. 그러나 상영관이 매우 적어서 아쉽; ​ 이 무비는 3월에 열리는 아카데미 시상식에 9개 부문에 노미네이트됐죠. 다양한 수상 경력과 오스카 후보 부문에 아래에서 다시 설명하도록 할게요 관람객 관람평보다 평론가들의 평점이 훨씬 높습니다. ​ ​ ​ 센티멘탈 밸류 드라마 2026 요아킴 트리에 블로그 글 더보기 센티멘탈 밸류 뜻 정보 출연진 관람평 최근 개봉 영화 리뷰 -포토 : 네이버 ​ ​ ​ 센티멘털 밸류 기본 정보 ​ 개봉일 : 2026.02.18. 감독 : 요아킴 트리에 출연진 : 레나테 레인스베, 스텔란 스카스가드,  잉가 입스도테르 릴레오스, 엘르 패닝 장르 : 드라마 국가 : 노르웨이 러닝타임 : 134분 관람평 : 7.80 쿠키 영상 : 없음 제작비 : 1.000만 달러 ​ ​ -예고편 ​ ​ ​ 집이 얼마나 중요한 요소를 차지하는지를 알 수 있는 오프닝. ​ 삽입곡 오프닝 곡(테리 칼리어의 Dancing Girl)도 완죤 굿. 무려 9분짜리 곡 엔딩곡은 라비 시프리- Cannock Chase ​ ​ 딸은 연극배우, 아빠는 영화감독 노라(레나테 레인스베)는 연극 배우가 되었으나 매번 무대 공포증으로 고통을 겪는다. 의상을 찢고 도망을 치고, 스텝들은 그녀를 달래고... 자주 그런 과정을 거친다. 그러나 막상 무대에 서면 기막힌 연기를 하는 그녀 ​ ​ ​ 이젠 제대로 대화를 나눌 때가 되었구나 결혼해서 가정을 이룬 동생 아그네스(잉가 입스도테르 릴레오스)와 어머니 장례식을 치르던 날, 오래전 자매 곁을 떠났던 아버지 구스타브(스텔란 스카스가드)도 집으로 온다. 그는 꽤 유명한 영화감독이다. 아그네스는 어린 시절 아빠의 作品에 출연한 적이 있었다. 지금은 배우가 아닌 역사학자로 살지만... ​ 노라는 아버지란 사람을 외면하고 싶다. 어린 시절에 상처가 너무 컸기 때문이다. 그러나 감독인 아버지는 노라에게 시나리오를 건넨다. 너를 위해 시나리오를 썼다고... 주인공인 젊은 엄마 역할을 네가 해줬으면 좋겠다고... 그러나 큰 딸은 거절한다. 아버지와 일하는 게 불편한 까닭도 있지만 상처 탓이기도 할 터. ​ 영화감독인 아버지는 연극을 좋아하지 않는다. 그 이유는 배우의 얼굴과 눈빛이 보이지 않기 때문이란다. ​ ​ ​ 센티멘털 밸류 포토 파리에서 열리는 구스타브 회고전에 왔던 할리우드 스타 레이첼(엘르 패닝)은 그의 오래전 무비 매혹된다. 결국 노라가 거절한 주연 자리를 레이첼에게 맡기게 된다. 촬영은 두 자매가 어린 시절을 함께 보낸 집에서 한다면서 아빠는 레이첼과 함께 그 집으로 오는데... ​ ​ ​ 자매가 자란 이 오래된 집은 3대에 걸친 가족의 역사가 깃들어 있다. 자매와 엄마 아빠뿐 아니고, 할머니의 삶도 함께다. 그러니까 이 집은 4대에 걸친 패밀리들의 사연을 낱낱이 지켜본 증인 이다. 노라가 어린 시절 학교 과제로 집이 화자가 되어 글을 쓴 적이 있었다. ​ 구스타브는 영화판이 15년 전과 달리 감독의 재량이 줄었고 극장 개봉이 당연한 게 아닌 넷플릭스에서 공개가 될지도 모른다는 것에 우울하다. 게다가 십수 년 만에 딸들에게로 돌아와 화해의 몸짓을 하지만 쉽사리 허물어질 벽은 아니다. 여전히 그는 예술가는 일반인과 달리 자유가 있어야 한다는 생각을 굽히지 않았고 언니보다는 아빠를 이해하려던 아그네스도 달라지지 않은 아빠 모습에 화가 난다. ​ ​ 주인공 심리를 이해하지 못하는 배우 레이첼 구스타프의 시나리오 해석에 애를 먹는 레이첼. 그럴 수밖에 없었던 것이 감독의 가족사가 깃든 내용이기 때문이다. 결국 배역을 포기하는 레이첼 ​ 15년 만에 돌아온 감독의 새 작품은 이렇게 엎어지고 말 것인가? ​ ​ ​ ​ ​ ​ 가 볍게 볼 수 있는 쉬운 작품은 결코 아니지만 완성도 높은 무비입니다. 아버지와 딸의 화해를 베이스로 하면서 이들이 살아온 산증인인 집이 또 다른 주인공이 되죠. 아버지의 시나리오 내용은 결말부에 가서 밝혀지는데 스스로 목숨을 끊은 어머니의 이야기로 보이지만 딸을 위해 쓴 글이자 동시에 구스타프 자신의 이야기이기도 합니다. ​ 노라는 자신이 아버지의 예술가 기질을 물려받았으며 비슷한 부류임을 인정하지 않을 수가 없었죠. 그래서 더 아빠를 거부했을지도요~ 두 사람의 예술가 기질에 대한 동질성을 설명하기 위해서 두 배우의 얼굴을 계속 겹쳐서 보여주는 연출은 매우 뛰어난 장면이었어요 ​ 극중 집이 굉장히 중요한데 오프닝에 복선을 깔아놓은 점도 혀를 내두를 수밖에 없습니다. 고조할아버지가 숨을 거둔 장소가 할머니가 태어난 장소라는 설정은 삶과 죽음은 뗄 수 없는 관계라는 거, 부모의 우울이나 자. 살. 은 연결성이 있음을 시사하기도 하죠. ​ 또 하나 재밌는 건 현재의 영화계에 대한 딜레마도 슬쩍 얹어줍니다. 극장 상영과 OTT 스트리밍 논란에 대해서... ​ 과연 오스카에서 몇 개의 트로피를 가져갈까요? ​ ​ 평론가 관람평 가상의 무대, 부녀의 침묵 속에 무한한 감정이 스며든다 - 조현아 9점 예술, 삶에 관여하는 모든 정서를 수행하고 거부하는 길항작용 - 정재현 8점 숨을 곳 없는, 당신이 세운 나의 무대 위에 누워 - 남선우 8점 ​ 제목 Semtlmental Value 뜻 감상적 가치 금전적인 가치는 없어도 개인적인 추억 때문에 소중하게 여기는 가치를 뜻합니다. 경제학이나 법률 용어로는 감. 정. 가. 격.이라는 뜻도 있음 극 중에서는 가족이 이런 존재라는 것을 의미하겠죠? ​ 수상+ 후보 이력 ★제75회 칸 영화제 그랑프리 (심사위원 대상) 수상 ★제83회 골든 글로벌 시상식 남우 조연상 수상- 스텔란스카스 가드 ★고담 어워즈, 크리틱스 초이스, 영국 아카데미 등 유명 시상식 후보 다수 ★제98회 아카데미 시상식 작품상 감독상 여우주연상( 레나테 레인스 베) 여우조연상 2인( 잉가 입스도테르 릴레오스, 엘 패닝), 남우조연상 (스텔란 스카스가드), 각본상 편집상 국제 영화상 등 9개 부문 후보 ​ ​ 명대사 ​ 집은 소음보다 침묵을 싫어한다 -내레이션 ​ 널 위해 쓴 거야. 너만 할 수 있어. ​ 2분만 봐도 난 배우의 실력을 알 수 있어. -모두 구스타프 ​ 커서 이모랑 결혼하고 싶어요 -조카 ​ 기도는 신에게 하는 말이 아니고 절망을 인정하는 거래요 -시나리오 대사 ​ 그림자보다 아름다운 건 없다 ​ 예술적 자유가 사라졌어. 예술가들은 자유가 필요해. ​ 분노에 찬 사람은 사랑받기 힘들어. 네 안에 내가 보여 ​ 너무 늙었어 철조망이 처진 초원에 하나 남은 모히칸 같아 -모두 구스타프 ​ 같은 어린 시절을 보냈는데 너는 왜 망가지지 않았어? 난 언니가 있어! -노라와 아그네스 ​ 메가박스 굿즈 앞과 뒤 오리지널 티켓 둘이 관람했기에 오티도 두 장 받음 ​ 포스터 역시 2장 ​ ​ ​ ▶아카데미 시상식 후보가 궁금하시면 여기 2026 제98회 아카데미 시상식 후보 케데헌 2개 부문 씨너스 최다 후보 2026년 제98회 아카데미 시상식 후보가 현지 시간으로 22일 발표가 됐습니다 케이팝 데몬 헌터스는 2개 부... blog.naver.com ​"
영화 리뷰 제이 켈리 정보 관람평 넷플릭스 영화 추천 조지클루니 아담 샌들러,"2025년 하반기 Netflix는 열일 중. 12월 5일에는 12부작 시리즈 <자백의 대가>와 노아 바움백 감독의 영화 <제이 켈리>가 동시에 공개가 됐죠. Jay Kelly는 넷플릭스 영화지만 지난달에 이미 짧게 극장에서 제한적 상영을 했고, 넷플 정식 공개 일은 5일이었습니다. 두 작품 이 시간을 두고 공개가 됐지만 저는 <자백의 대가> 1화만을 먼저 보고 다음날 <Jay Kelly>를 봤습니다. 황혼기에 접어든 유명 배우가 자신의 정체성을 찾아가는 로드 무비 후기 보시죠 ​ ​ ​ 제이 켈리 드라마 2025 노아 바움백 블로그 글 더보기 영화 리뷰 제이 켈리 정보 관람평 출연진 넷플릭스 영화 추천 -포토 : 네이버 ​ ​ ​ 기본 정보 ​ 개봉일 : 2025.11.19 넷플릭스 공개일 : 2025.12.05. 감독 : 노아 바움백 출연진 : 조지 클루니, 아담 샌들러, 로라 던, 빌리 크루덥, 라일리 코프, 스테이시 키치, 패트릭 윌슨 장르 : 드라마 러닝타임 : 132분 관람평 : 7.80 ​ ​ -예고편 ​ ​ 자기 자신이 된다는 것은 엄청난 책임이다. 차라리 다른 사람이 되거나 아무도 아닌 것이 훨씬 더 쉽다. -실비아 플러스( 요절한 미국 시인이자 소설가) ​ ​ 그가 선택한 것들은 제이 켈리 포토 오프닝은 60세가 된 유명 배우 Jay가 자신의 삶에 관한 무비에서 엔딩 신 촬영을 한다. 즉, 죽는 장면이란 이야기. 마지막 촬영이 끝나고 그는 나를 연기하는 것이 가장 어렵다 는 말을 하는데 이 말은 작품을 관통하는 질문 또는 답이 된다. ​ ​ ​ 그에게는 친구이자 헌신적인 매니저 론(애덤 샌들러)이 있다. 배우에 헌신하느라 가족에게 늘 미안해한다. ​ ​ ​ 며칠 뒤, 자신의 스승(?)이랄 수 있는 노 감독 피터의 죽음 소식을 듣고 그가 마지막 만났던 때를 기억한다. 피터는 돈이 필요해서 작품을 찍어야 하는데 네가 내 작품에 출연해 주거나 아니면 이름만 빌려달라고 말했지만 그는 그건 안 된다고 거절했다. 그 거절이 마음에 걸리는 남자. ​ ​ ​ 피터 장례식에서 연기 지망생 시절의 옛 친구 티모시(빌리 크루덥)를 만나는데 Jay는 그 친구의 오디션을 따라갔다가 배우로 데뷔하게 된 사연이 있다. 그 당시에는 티모시가 그보다 훨씬 연기를 잘했고 촉망받는 지망생이었는데도 불구하고... 팀은 네가 나의 배역과 여자를 훔쳐 갔다고 말한다. 오디션에서 친구는 너무 떨어서 실패했고, 제이는 당당하게 연기를 잘했으며 친구 아이디어(바꾼 대사)까지 사용해 이번에 장례식을 치른 피터의 눈에 들어 데뷔를 했던 상황이다. ​ ​ ​ 제이 켈리 포토 옛 친구와 만났던 일을 계기로 제. 이.는 과거를 소환한다. 지금의 자리까지 오르기까지 가족과도 소원했고 순간순간 이기적인 선택들을 마주했다는 게 드러난다. ​ 이제 와서 두 딸과 아까워지려고 애쓰지만 딸들은 그를 여전히 멀리한다. ​ ​ 즉흥적으로 대학 입학을 앞둔 작은 딸은 유럽으로 친구들과 떠났고, 이제라도 딸과의 관계를 회복하고 싶은 그는 딸의 뒤를 뒤쫓는다. 딸 친구가 엄마의 신용카드를 사용한다는 것을 알았고 신용카드를 추적했기에 가능한 일이었다 . 이탈리아에서 준다는 공로상을 핑계로( 공로상은 죽어도 안 받겠다고 선언했으나 마음을 바꾼다) 즉흥적으로 유럽으로 가자! 너무나 돌발적인 행동이었음에도 어쩔 수 없이 매니저와 팀원들은 모두 유럽으로 향하게 되는데... 전용기도 아닌 2등 칸 기차를 타게 됐고, 일부 팀원은 그의 돌발 행동을 못마땅해하고 중간에 하차하고 돌아가 버린다. 하지만 기차에서 만난 사람들과는 즐거운 시간을 보내는 배우. ​ ​ ​ 기차에서 우연을 가장해 만난 둘째 딸과 극적으로 화해가 됐을까? 그건 아니다. 아버지로서 역할이 서툴렀던 그는 네 친구 엄마의 신용카드를 추적했다는 말까지 하면서 딸을 실망시키고... ​ ​ ​ 공로상 수상 날짜가 코앞에 닥쳤지만 그에게는 아무도 남지 않는다. '내 수입의 15%를 가져가는 친구'라는 말로 론을 아프게 했고, 결국 론도 떠나게 된다. 공로상 수상식을 위해 늙은 아버지가 왔지만 몸이 좋지 않다고 그도 떠났다. 딸들도 없고, 팀원들도 떠났고, 론까지 떠나게 된 상황. 배우로서는 성공했지만 그의 삶에 남은 건 무엇인가? 아무것도, 아무도 없다는 자각. ​ ​ ​ ​ ​ ​ 결 국 그는 론을 붙잡습니다. 매니저가 아닌 친구로 남아달라고 ... 그래도 마지막 결말엔 헌신적인 매니저 론이 있으므로 그는 얼마나 다행인지요. 공로상 수상식에서 그가 출연한 영화 장면들이 편집되고 사람들은 기립박수를 칩니다. 눈물이 그렁그렁 해진 배우는 묻죠. "" 다시 해도 돼요? 다시 하고 싶어요"" 그가 촬영장에서 늘 했던 말을 실제로도 하는데 이 말에 모든 게 들어있어요. 돌이킬 수 없는 인생. 다시 한다면 잘할 수 있을 텐데... 배우 심정이 이해가 갑니다. 내 인생도 다시 산다면 나도 더 잘 할 수 있을 거 같거든요. ​ 성공만을 향해 뛰느라고 그동안 소홀했던 사람들과의 관계를 다시 한번 생각하고 더 나은 방향으로 나아가는 인생의 성찰이 들어있는 작품이며 숱하게 많은 다양한 인물들을 연기해 왔지만 그럼에도 불구하고 이 세상에서 가장 어려운 배역은 바로 나 자신일지도 모른다는 메시지 를 던집니다. ​ 사실 배우로 설정했을 뿐이지 그 자리에 평범한 우리 아버지들을 세워도 크게 어색하진 않을 것 같아요. 지금은 조금 달라졌지만 얼마 전만 해도 회사에, 직장에 전력투구했던 아버지들은 가족에게 소홀할 수밖에 없었어요. 그리하여 은퇴 후에는 가족들과 서먹하게 지내는 경우가 많잖아요. 있을 때 잘해! 가족이 원할 때 옆에 있어줘!... 쉬울 것 같지만 생각보다 쉽지는 않은;; ​ Jay Kelly라는 성공한 배우에 대한 이야기지만 결국은 조지 클루니에 대한 헌사가 아닐까 싶습니다. 성공한 사람의 화려한 겉모습 속에 감춰진  쓸쓸한 이면과 내면을 조지 클루니가 잘 표현해냈고 노아 바움백 감독은 늘 그렇듯 변화되는 인물의 이야기를 굉장히 섬세하게 포착했습니다. 잔잔한 감동을 원하시거나 나 자신과 오롯이 만나길 원하는 분들은 좋아하실 movie ​ ​ 명대사 ​ 우리에게 영화는 그런 거야. 시간의 조각... ​ 자네가 하는 일은 마법이야. 넌 영화를 만들잖아 세상은 그거면 돼. -둘 다 피터 ​ 육아의 비극은 불필요한 존재가 됐을 때 부모로서 성공한다는 거야. -티모시 ​ 무언가를 향해 달려가는거야, 무언가로부터 도망치는거야? -론 ​ 자기복제 연기라는 비판을 어떻게 생각해요? - 기차에서 만난 젊은 여성 ​ 다른 사람이 연기하려면 사람들을 보고 만져도 봐야지. -제이 ​ 다시 해도 돼요? 다시 하고 싶어요 -제이 ​ ​ ▶이병헌과 함께 미국 아스트라 필름 어워즈에 남우주연상 후보에 오른 조지 클루니 이병헌 아스트라 필름 어워즈 남우주연상 후보 어쩔수가없다 ott 안녕하세요 영화 인플루언서 제제1714입니다 이번 시간엔 영화계 소식을 가져왔어요 우리나라 슈퍼스타 병... blog.naver.com ​"
28년 후 뼈의 사원 쿠키 결말 정보 후기 영화 리뷰,"오늘은 최신 개봉 영화 < 28년 후 뼈의 사원 > 결말 정보를 포함한 후기 리뷰를 작성해 보았는데요. 아래 내용들에는 강력한 스포일러 가 포함되어 있다는 점 미리 알려드립니다. 참고로 해외 공포 영화 <28년 후 뼈의 사원> 쿠키 영상은 없습니다. 청불 영화/19금 영화/잔인한 영화/고어 영화 28년 후 뼈의 사원 정보 출연진 28년 후: 뼈의 사원 공포, 스릴러 2026 니아 다코스타 블로그 글 더보기 제목: 28 Years Later: The Bone Temple 제작: 2024 국가: 미국 장르: 공포, 스릴러, 모험, 액션 감독: 니아 다코스타 출연진: 랄프 파인즈, 젝 오코넬, 알피 윌리엄스, 에린 켈리먼, 샘 로크, 치 루이스페리, 킬리언 머피 등 상영 시간: 107분 영화 28년 후 뼈의 사원 쿠키 영상: 없음 내 평점 : 7/10 포스트 아포칼립스 영화/디스토피아 영화/시리즈 영화 28년 후 뼈의 사원 줄거리 정보 모든 것이 격리된 안전한 섬 홀리 아일랜드로 돌아가는 것 대신 분노 바이러스에 점령당한 영국 본토에 남기로 결심한 소년 스파이크, 그는 생존을 위해 지미 크리스탈이 이끌던 정체불명의 생존자 집단 지미스에 합류하게 되는데요. 그들의 리더 지미는 광기에 사로잡힌 인물이었고 바깥세상에 돌아다니던 좀비들 한참 뛰어넘는 잔혹한 성격을 가지고 있었죠. 그의 본성을 알게 된 스파이크는 그곳에서 엄청난 공포를 경험하게 되고 그곳을 빠져나가기 위한 필사의 몸부림을 시작합니다. 한편, 좀비들에게 희생당한 사람들을 기리기 위해 만들어진 뼈의 사원에서 살아가던 닥터 이안 켈슨은 알파 감염자인 삼손과 대면하게 되는데요. 켈슨은 지금까지 수많은 사람들의 목숨을 잔혹하게 빼앗아온 삼손에게 무언가 특별한 것이 존재한다는 것을 직감하고 그와 대화를 시도하게 되죠. 그 후 켈슨은 삼손 옆에서 일부러 잠이 들게 되고, 이때 삼손은 켈슨의 목숨을 빼앗지 않고 어디론가 떠났다가 다시 돌아오는데요. 좀비가 자신의 목숨을 빼앗지 않는다는 것을 확인한 켈슨은 인류 미래의 희망을 발견하게 됩니다. (스포주의) 바이러스 영화/전염병 영화/생존 영화 28년 후 뼈의 사원 결말 정보 켈슨이 연구한 바이러스 치료제가 삼손의 몸에 존재했던 분노 바이러스를 제거해 주기 시작하고, 그러던 중 삼손은 말을 할 수 있을 정도까지 상태가 호전되는데요. 그렇게 켈슨의 그동안의 노력 덕분에 좀비가 다시 인간으로 돌아오게 되는 기적이 발생하게 됩니다. 한편, 잔혹한 행동을 서슴지 않고 저지르던 크리스탈과 그의 부하들은 켈슨이 좀비인 삼손과 소통하고 있는 장면을 목격하게 되는데요. 이때 그들은 켈슨을 자신들이 숭배하던 악마라 확신하게 됩니다. 그 후 그들의 리더 크리스탈은 켈슨에게 다가가 대화를 시도하게 되는데요. 사실 켈슨은 악마가 아닌 평범한 사람이었고 크리스탈은 약간의 실망을 하게 되죠. 이때 그는 자신의 부하들의 충성심을 강화하기 위해 켈슨을 협박해 그를 악마로 보이게 하려는 쇼를 시작하게 되는데요. 그렇게 한창 쇼가 진행되고 켈슨은 크리스탈의 부하들이 그에게 더 충성할 것을 명령하죠. 하지만 그들 중 스파이크가 포함되어 있다는 사실을 알게 된 켈슨은 마음을 바꿔버립니다. 28년 후 뼈의 사원 결말 부분에서 스파이크를 구하기 위해 켈슨 크리스탈을 재물로 바쳐야만 한다는 새로운 명령을 내리게 되고, 자신의 목숨에 위기를 느낀 크리스탈은 켈슨을 칼로 찔러버리는데요. 그렇게 크리스탈이 다시 한번 권력을 잡으려던 순간, 그를 예전부터 의심하고 있던 부하 켈리는 크리스탈을 비롯한 나머지 지미스 일행을 모두 제압해버리고 크리스탈은 거꾸로 매달아 버리죠. 잠시 후 그곳에 완전한 사람으로 돌아간 삼손이 도착하게 되는데요. 이때 삼손은 거꾸로 매달려있던 크리스탈은 그냥 내버려둔 체 칼에 찔려 생명이 꺼져가던 켈슨의 시신만을 수습하여 어디론가로 향합니다. 그 후 화면이 전환되고 28일 후의 주인공 짐이 자신의 딸 샘과 좀비가 없는 한적한 곳에서 살아가는 평화로운 모습을 비추게 되는데요. 샘은 짐과 함께 공부를 하며 평화로운 일상을 보내고 있었죠. 하지만 그들의 평화는 오래가지 못했고, 잠시 후 그들은 켈슨 덕분에 지미스에서 탈출한 스파이크와 켈리를 쫓던 수많은 좀비떼들이 자신들의 집을 향해 몰려오는 것을 목격하는데요. 이때 짐과 샘이 스파이크와 켈리를 도우러 떠나는 것을 비추며 영화 28년 후 뼈의 사원 결말이 마무리됩니다. 킬링타임 영화/외국 공포 영화 추천 28년 후 뼈의 사원 관람평 후기 최신 영화 리뷰 킬링타임용 해외 좀비 영화 추천작 <28년 후 뼈의 사원>은 대니 보일, 후안 카를로스 프레스나디요 감독들이 연출해온 <28일 후> 시리즈의 네 번째 작품이자 <28년 후> 트릴로지의 두 번째 작품인데요. 해외 좀비 영화 추천작 <28년 후 뼈의 사원>의 메가폰을 잡게 된 인물은 과거 <28일 후> 시리즈의 연출을 맡아온 대니 보일, 후안 카를로스 프레스나디요 감독들이 아닌, 공포 영화 <캔디맨>과 마블 시네마틱 유니버스의 <더 마블스> 등의 작품들을 연출한 니아 다코스타 감독인 것이 특징입니다. 킬링타임용 해외 스릴러 영화 추천 < 28년 후 뼈의 사원 >은 전작보다 더욱 잔혹한 느낌이 들어서 긴장감 높은 장면이 있긴 했는데요. 다만 전작과 마찬가지로 좀비 영화로서의 재미는 크게 느껴지지 않아서 그 부분이 확실히 아쉬웠습니다. 좀비 영화라기보다는 휴먼 드라마로 봐도 무방할 정도의 후반 부분의 내용 전개 때문에 지루함이 느껴지는 구간도 살짝 있었는데요. 그래도 전작보다는 확실히 나아졌다는 느낌이 있긴 해서 킬링타임용 영화로 생각하고 감상해 보면 나쁘지는 않다 생각합니다. 아무튼 오늘 제가 정리해 본 <28년 후 뼈의 사원> 결말 정보를 포함한 후기 리뷰는 여기까지입니다. 킬링타임용 영화/외국 스릴러 영화 추천/공포 스릴러 영화 추천 28년 후 뼈의 사원 예고편 *이미지 및 예고편 출처: IMDb NAVER MOVIE NAVER TV *"
왕과 사는 남자 정보 관람평 쿠키 결말 알고 봐도 슬픈 영화 리뷰,"오늘은 한국 영화 감독 장항준 감독이 연출한 최신 한국 영화 추천작 < 왕과 사는 남자 > 정보를 포함한 관람평을 작성해 보았는데요. 참고로 영화 <왕과 사는 남자 > 쿠키 영상은 없습니다. 한국 슬픈 영화 추천/한국 드라마 영화/아시아 드라마 영화 왕과 사는 남자 정보 출연진 왕과 사는 남자 드라마 2026 장항준 블로그 글 더보기 제목: The King's Warden 제작: 2025 국가: 한국 장르: 드라마 감독: 장항준 출연진: 유해진, 박지훈, 유지태, 전미도, 김민, 안재홍, 오달수, 박지환, 이준혁 등 상영 시간: 117분 한국 영화 왕과 사는 남자 쿠키 영상: 없음 내 평점 : 9.5/10 한국 가족 영화 추천/아시아 가족 영화/감동 영화 추천 왕과 사는 남자 줄거리 정보 1453년 계유년 세종의 차남 수양대군이 세종과 문종의 대신들을 살해하고 조선의 정권을 장악해버린 계유정난 이후 혼란스러워진 조선, 계유정난으로 인해 조선의 어린 임금 이홍위는 왕위에서 쫓겨나 유배길에 오르게 되는데요. 이때 강원도 영월 산골 마을 광천골의 촌장 엄흥도는 먹고살기 힘든 자신의 마을 주민들을 위해 청룡포를 유배지로 만들기로 결심하죠. 그렇게 엄흥도는 한양에서 쫓겨난 의문스러운 인물을 맞이하기 위해 마을 사람들과 함께 고군분투하게 됩니다. 그렇게 마을의 촌장 엄흥도의 진두지휘 아래 청룡포는 유배자를 맞이할 준비를 거의 끝마치게 되는데요. 그러던 중 그는 청룡포로 내려오고 있던 인물이 왕위에서 쫓겨난 뒤 떠돌던 이홍위라는 사실을 알아차리게 되죠. 그 후 유배지를 지키는 보수 주인으로서 이홍위의 모든 일상을 감시해야만 하는 엄흥도는 삶의 의지를 완전히 잃어버린 채 하루하루를 버티는 이홍위를 안타깝게 생각하게 되는데요. 그런 그들의 앞으로 예상치 못한 위기들이 하나둘씩 찾아오게 됩니다. 감동 실화 영화 추천/감동이 있는 영화 왕과 사는 남자 관람평 최신 영화 리뷰 한국 역사 영화 추천 <왕과 사는 남자>는 <라이터를 켜라> <불어라 봄바람> <기억의 밤> <리바운드> <오픈 더 도어> <더 킬러스> 등을 연출한 장항준 감독의 신작인데요. 한국 사극 영화 추천 <왕과 사는 남자>는 수양대군으로 인해 계유정난이 발생한 이후의 조선을 배경으로 하는 것이 특징이죠. <왕과 사는 남자>의 전체적인 스토리는 계유정난으로 인해 왕위에서 쫓겨난 뒤 유배를 떠난 어린 임금 이홍위가 시골 마을 광천골에 도착한 뒤 마을의 주민들과 함께 그곳에서 살아가는 과정을 보여주며 전개됩니다. 앞서 언급한 것처럼 영화 <왕과 사는 남자>는 조선의 6대 국왕이었던 단종이 자신의 숙부 수양대군의 계유정난으로 인해 강원도 영월이라는 시골 마을로 유배를 떠난 실제 한국 역사를 바탕으로 제작되었는데요. 수양대군에 의해 강제로 유배를 떠난 영월에서 세상을 떠난 단종의 나이는 고작 16살이었죠. 대한민국의 역사에 관심이 있다면 그러한 실제 역사를 이미 알고 감상했을 것이라 사실 <왕과 사는 남자> 결말은 대한민국의 역사가 스포 한다고도 볼 수 있겠습니다. 아무튼 저도 단종의 비극적인 생애에 대한 정보를 이미 알고 있었기 때문에 이 영화의 결말이 어떻게 끝날지는 대충 예상을 하고 본편을 감상을 했는데요. 결말을 알고 감상했음에도 전체적인 스토리의 전개와 결말이 등장하는 순간 큰 감동을 받을 수밖에 없없습니다. 개인적으로 이런 유의 사극을 워낙 좋아하기도 하고, 장항준 감독 특유의 연출 스타일도 선호해서 재밌게 감상할 수 있었는데요. 장항준 감독이 과거 연출한 한국 영화 명작 추천작 <리바운드>처럼 개인적으로는 정말 마음에 드는 명작이었습니다. 제 기준에서, 이 영화는 장항준 감독이 지금껏 연출한 모든 영화들 중 <리바운드>와 더블어 단점이 없던 명작인데요. 장항준 감독이 실화를 바탕으로 제작하는 영화들을 정말 잘 만든다는 것을 다시 한번 깨닫게 되었죠. 장항준 감독의 인생 영화 추천작 중 하나인 <리바운드>를 처음 봤을 때도 마지막에 엄청난 감동을 받았기 때문에 여운이 정말 오래 남았던 기억이 있고 <왕과 사는 남자> 역시 후반 부분의 연출이 제 기준에서는 감동 적었기 때문에 감상을 끝마친 뒤 극장을 빠져나올 때 여운이 참 오래 남았습니다. 이처럼 저는 영화 <왕과 사는 남자>의 전체적인 스토리나 연출 방식이 정말 마음에 들었는데요. 게다가 배우들의 연기력까지 훌륭해서 몰입감도 매우 높았습니다. 주연으로 캐스팅된 유해진 배우는 역시나 기대한 만큼의 훌륭한 연기력을 선보이며 재미와 감동을 선사해 줬고 단종으로 캐스팅된 또 한 명의 주연 박지훈 배우는 실제 단종의 마지막이 정말 이런 느낌이 아니었을까 느낌을 받을 정도로 자신이 맡은 캐릭터에 대한 표현력이 일품이었는데요. 어쨌든 두 주연 배우의 캐스팅은 정말 완벽했습니다. 마지막으로 작품의 슈퍼 빌런 한명회로 캐스팅된 유지태 배우는 한명회라는 캐릭터를 정말 악랄하게 잘 표현해 줬는데요. 유지태 배우의 체격 자체도 굉장히 거대하기 때문에 그가 등장하는 장면들에서는 위압감이 느껴지기도 했죠. 앞서 언급한 주연 배우들뿐만 아니라 조연 배우들까지 자신의 역할을 잘 소화해 줘서 작품의 완성도가 많이 올라갈 수 있었습니다. 아무튼 한국 명작 영화 추천작 <왕과 사는 남자>는 초 중반 부분까지 웃음과 재미가 있었고 후반 부분에서는 큰 감동까지 있던 명작인데요. 오늘 제가 정리해 본 재밌는 영화 추천작 <왕과 사는 남자> 정보를 포함한 관람평 리뷰는 여기까지입니다. 최신 개봉 영화 추천/가족과 함께 볼 수 있는 영화 왕과 사는 남자 예고편 정보 *이미지 및 예고편 출처: NAVER MOVIE NAVER TV *"
